respondent_id,age_group,zone,water_reliability,drainage_maintenance,street_condition,public_lighting,waste_collection,daytime_safety,nighttime_safety,police_trust,green_area_maintenance,overall_satisfaction
SYN-0001,60+,Central,3,3,3,3,3.0,3,2,3.0,3.0,4
SYN-0002,45-59,West,2,2,2,2,3.0,3,3,2.0,2.0,2
SYN-0003,30-44,South,4,4,3,5,4.0,4,3,3.0,5.0,3
SYN-0004,30-44,North,4,4,3,5,3.0,4,5,5.0,,3
SYN-0005,30-44,West,3,1,3,2,4.0,4,5,3.0,2.0,2
SYN-0006,30-44,East,2,3,1,2,3.0,4,2,3.0,2.0,1
SYN-0007,30-44,North,1,3,3,3,3.0,3,2,3.0,2.0,2
SYN-0008,30-44,East,1,3,3,2,3.0,4,3,2.0,2.0,1
SYN-0009,30-44,East,4,1,2,3,5.0,4,3,5.0,3.0,3
SYN-0010,60+,East,3,3,2,3,4.0,4,3,2.0,1.0,2
SYN-0011,60+,West,3,5,3,4,4.0,5,4,3.0,4.0,3
SYN-0012,18-29,South,4,4,3,4,3.0,4,4,2.0,3.0,3
SYN-0013,30-44,South,4,3,2,4,5.0,3,2,5.0,3.0,4
SYN-0014,18-29,East,1,4,4,3,4.0,5,3,3.0,3.0,2
SYN-0015,30-44,North,2,3,4,3,2.0,5,2,3.0,5.0,2
SYN-0016,18-29,North,2,3,2,4,3.0,2,1,1.0,2.0,2
SYN-0017,18-29,West,3,3,3,4,2.0,2,2,3.0,1.0,2
SYN-0018,45-59,Central,3,2,2,2,3.0,3,2,2.0,1.0,2
SYN-0019,30-44,South,3,4,3,3,5.0,3,2,2.0,4.0,3
SYN-0020,60+,Central,2,4,3,3,1.0,3,3,1.0,4.0,2
SYN-0021,18-29,Central,2,2,4,3,2.0,4,4,4.0,2.0,4
SYN-0022,18-29,South,1,2,2,3,3.0,3,3,3.0,4.0,2
SYN-0023,30-44,West,3,3,3,5,4.0,4,4,4.0,4.0,2
SYN-0024,18-29,South,2,3,3,3,5.0,4,3,5.0,3.0,3
SYN-0025,18-29,North,2,2,1,3,2.0,2,3,3.0,3.0,1
SYN-0026,60+,Central,3,3,2,1,4.0,4,2,4.0,3.0,3
SYN-0027,18-29,North,4,4,3,3,4.0,3,2,1.0,4.0,2
SYN-0028,18-29,West,3,3,3,4,3.0,4,4,4.0,4.0,2
SYN-0029,30-44,Central,2,4,4,4,1.0,3,3,2.0,3.0,2
SYN-0030,30-44,Central,3,3,4,1,4.0,2,2,1.0,3.0,3
SYN-0031,30-44,North,3,4,5,5,4.0,3,3,3.0,5.0,4
SYN-0032,30-44,South,3,2,2,4,3.0,3,3,4.0,3.0,3
SYN-0033,45-59,West,4,3,2,1,3.0,4,3,4.0,4.0,3
SYN-0034,18-29,South,2,2,2,4,2.0,4,4,4.0,3.0,2
SYN-0035,30-44,East,5,4,3,1,5.0,3,3,2.0,4.0,4
SYN-0036,45-59,North,2,4,4,4,2.0,3,5,4.0,4.0,2
SYN-0037,45-59,North,4,2,3,3,4.0,3,2,2.0,4.0,2
SYN-0038,30-44,East,2,2,2,1,4.0,5,1,3.0,3.0,2
SYN-0039,30-44,North,2,3,2,3,4.0,2,1,2.0,3.0,2
SYN-0040,18-29,South,4,4,4,4,3.0,3,2,4.0,3.0,3
SYN-0041,18-29,Central,2,3,3,4,3.0,5,1,3.0,4.0,3
SYN-0042,18-29,North,3,4,4,4,4.0,3,3,2.0,3.0,3
SYN-0043,45-59,South,2,2,3,2,3.0,2,3,4.0,2.0,3
SYN-0044,18-29,West,2,5,2,2,2.0,4,3,5.0,5.0,3
SYN-0045,45-59,North,3,3,2,4,4.0,2,1,1.0,2.0,3
SYN-0046,18-29,West,2,3,2,5,,4,2,,4.0,2
SYN-0047,45-59,South,3,5,3,4,4.0,4,5,4.0,3.0,3
SYN-0048,45-59,East,3,2,3,2,3.0,4,3,3.0,3.0,2
SYN-0049,18-29,North,3,4,4,2,5.0,5,3,3.0,5.0,3
SYN-0050,18-29,West,3,4,4,2,3.0,4,3,3.0,2.0,4
SYN-0051,18-29,North,1,3,3,2,2.0,4,2,2.0,2.0,2
SYN-0052,45-59,West,2,2,3,3,4.0,3,4,2.0,3.0,3
SYN-0053,18-29,East,3,1,1,2,3.0,3,2,2.0,2.0,1
SYN-0054,30-44,Central,3,4,3,2,2.0,4,3,4.0,4.0,3
SYN-0055,30-44,North,1,3,2,3,2.0,5,4,3.0,2.0,2
SYN-0056,45-59,East,3,2,2,3,2.0,4,3,2.0,3.0,3
SYN-0057,30-44,North,1,2,4,2,3.0,4,2,2.0,2.0,2
SYN-0058,30-44,East,3,4,5,4,5.0,4,3,3.0,,4
SYN-0059,60+,East,4,2,3,1,3.0,3,3,1.0,2.0,3
SYN-0060,18-29,Central,5,5,3,3,3.0,4,2,2.0,2.0,4
SYN-0061,45-59,Central,3,2,1,2,2.0,3,1,3.0,4.0,2
SYN-0062,18-29,Central,3,3,2,3,3.0,2,1,3.0,,3
SYN-0063,30-44,Central,1,2,2,3,4.0,3,3,3.0,2.0,1
SYN-0064,60+,North,1,2,4,4,3.0,3,2,3.0,4.0,2
SYN-0065,45-59,Central,3,4,4,3,2.0,3,2,3.0,3.0,3
SYN-0066,45-59,East,3,3,3,4,3.0,4,2,4.0,2.0,2
SYN-0067,18-29,Central,1,2,3,4,1.0,3,1,3.0,5.0,2
SYN-0068,30-44,East,3,3,2,3,2.0,4,2,1.0,2.0,2
SYN-0069,30-44,West,4,3,2,4,5.0,4,3,3.0,3.0,3
SYN-0070,30-44,East,3,2,3,3,2.0,3,2,3.0,3.0,2
SYN-0071,30-44,South,3,2,2,2,4.0,2,2,,3.0,2
SYN-0072,30-44,Central,3,2,3,3,3.0,5,5,3.0,3.0,2
SYN-0073,30-44,West,3,3,2,2,3.0,2,2,3.0,2.0,2
SYN-0074,18-29,Central,3,4,4,4,4.0,2,2,2.0,3.0,3
SYN-0075,30-44,South,3,3,3,3,1.0,2,1,3.0,3.0,2
SYN-0076,18-29,South,2,3,2,3,3.0,3,2,4.0,4.0,2
SYN-0077,60+,East,5,2,1,2,,4,2,3.0,2.0,3
SYN-0078,30-44,South,4,3,4,3,5.0,4,1,3.0,5.0,2
SYN-0079,18-29,East,2,4,4,2,3.0,4,4,1.0,3.0,3
SYN-0080,45-59,West,4,3,3,3,2.0,2,1,,3.0,2
SYN-0081,45-59,Central,5,2,4,3,5.0,4,2,2.0,2.0,4
SYN-0082,18-29,West,3,2,3,3,3.0,4,5,4.0,2.0,2
SYN-0083,18-29,North,2,4,3,2,3.0,2,1,2.0,2.0,2
SYN-0084,18-29,West,4,3,2,4,3.0,3,1,3.0,2.0,3
SYN-0085,18-29,North,2,1,3,2,3.0,2,2,3.0,2.0,2
SYN-0086,45-59,West,2,5,4,3,4.0,3,2,3.0,2.0,3
SYN-0087,60+,Central,1,3,2,2,2.0,3,3,5.0,3.0,1
SYN-0088,18-29,West,4,3,2,2,4.0,4,3,4.0,2.0,3
SYN-0089,45-59,North,2,4,3,5,3.0,4,4,3.0,2.0,3
SYN-0090,18-29,South,3,3,2,4,4.0,4,3,2.0,3.0,2
SYN-0091,30-44,West,2,3,4,4,3.0,4,5,4.0,4.0,3
SYN-0092,45-59,North,4,4,2,2,3.0,3,3,3.0,3.0,3
SYN-0093,30-44,Central,4,3,3,4,3.0,4,4,3.0,3.0,3
SYN-0094,18-29,North,3,3,2,3,3.0,2,3,2.0,2.0,4
SYN-0095,30-44,Central,3,2,1,2,4.0,4,3,2.0,1.0,2
SYN-0096,60+,Central,3,1,1,3,3.0,2,2,2.0,1.0,2
SYN-0097,18-29,East,4,3,2,3,3.0,4,4,5.0,4.0,2
SYN-0098,18-29,Central,3,1,3,4,4.0,4,2,3.0,3.0,3
SYN-0099,18-29,North,4,3,4,3,5.0,3,3,4.0,2.0,4
SYN-0100,30-44,North,3,1,2,2,2.0,3,3,3.0,2.0,2
SYN-0101,30-44,West,3,1,2,2,3.0,2,2,4.0,2.0,2
SYN-0102,45-59,West,4,4,4,2,5.0,4,4,2.0,3.0,3
SYN-0103,45-59,Central,3,2,3,3,4.0,4,2,2.0,3.0,2
SYN-0104,60+,North,3,2,3,4,3.0,4,4,2.0,3.0,3
SYN-0105,45-59,North,4,3,2,3,3.0,4,2,3.0,4.0,2
SYN-0106,18-29,West,4,4,1,3,4.0,3,3,4.0,4.0,1
SYN-0107,30-44,East,4,3,3,2,3.0,3,2,2.0,4.0,4
SYN-0108,30-44,East,2,2,4,3,3.0,3,1,2.0,3.0,2
SYN-0109,30-44,Central,3,4,4,4,3.0,4,2,2.0,3.0,3
SYN-0110,60+,East,2,2,1,2,3.0,4,3,3.0,3.0,3
SYN-0111,45-59,North,3,4,4,3,3.0,2,3,2.0,3.0,3
SYN-0112,60+,East,4,3,2,3,4.0,3,2,2.0,5.0,3
SYN-0113,30-44,South,3,2,2,3,4.0,3,1,1.0,3.0,2
SYN-0114,30-44,Central,2,2,2,1,4.0,2,1,2.0,,1
SYN-0115,30-44,East,2,3,3,3,3.0,3,4,4.0,3.0,2
SYN-0116,18-29,East,2,2,2,5,4.0,3,2,3.0,4.0,3
SYN-0117,18-29,South,5,3,3,2,5.0,2,3,2.0,2.0,3
SYN-0118,30-44,North,3,4,3,3,1.0,2,2,,,2
SYN-0119,18-29,North,5,5,4,4,4.0,2,3,2.0,4.0,4
SYN-0120,60+,West,1,3,2,2,3.0,3,3,4.0,2.0,1
SYN-0121,18-29,Central,4,3,2,3,5.0,3,2,4.0,2.0,3
SYN-0122,18-29,Central,4,3,3,3,4.0,2,3,2.0,2.0,3
SYN-0123,45-59,East,3,4,3,3,4.0,4,3,2.0,4.0,4
SYN-0124,18-29,Central,4,4,3,5,4.0,4,4,5.0,3.0,3
SYN-0125,60+,Central,4,5,4,4,4.0,3,2,3.0,4.0,3
SYN-0126,45-59,East,4,2,1,5,3.0,2,2,2.0,4.0,2
SYN-0127,18-29,South,1,4,4,4,1.0,3,5,4.0,3.0,2
SYN-0128,45-59,East,4,2,1,2,,3,2,3.0,2.0,2
SYN-0129,45-59,North,2,3,2,1,3.0,2,4,4.0,2.0,2
SYN-0130,45-59,South,3,4,2,2,2.0,3,2,2.0,2.0,2
SYN-0131,45-59,South,3,2,3,4,2.0,3,3,3.0,5.0,2
SYN-0132,45-59,East,2,2,1,1,2.0,4,3,2.0,3.0,2
SYN-0133,30-44,North,3,4,4,2,3.0,3,1,3.0,3.0,4
SYN-0134,30-44,North,4,3,3,3,3.0,3,2,2.0,2.0,3
SYN-0135,45-59,East,4,1,1,3,3.0,1,1,2.0,2.0,2
SYN-0136,60+,East,4,3,3,2,5.0,3,2,2.0,3.0,4
SYN-0137,30-44,West,3,4,2,3,3.0,4,4,3.0,3.0,3
SYN-0138,45-59,Central,5,4,4,2,4.0,4,3,2.0,4.0,3
SYN-0139,30-44,West,4,5,5,5,4.0,4,2,3.0,3.0,4
SYN-0140,45-59,Central,4,5,5,5,4.0,3,3,4.0,4.0,4
SYN-0141,60+,East,2,3,3,2,2.0,4,2,2.0,4.0,2
SYN-0142,18-29,North,3,3,3,3,3.0,2,2,3.0,1.0,3
SYN-0143,18-29,West,1,1,1,2,2.0,3,2,2.0,3.0,1
SYN-0144,30-44,Central,3,2,3,4,3.0,3,2,3.0,3.0,2
SYN-0145,30-44,West,2,1,2,3,1.0,3,4,1.0,1.0,2
SYN-0146,30-44,Central,3,2,2,3,3.0,2,2,2.0,3.0,2
SYN-0147,18-29,East,4,3,3,3,3.0,2,2,2.0,1.0,3
SYN-0148,30-44,South,4,3,3,4,2.0,3,2,1.0,4.0,1
SYN-0149,30-44,North,4,4,3,2,3.0,3,5,5.0,3.0,3
SYN-0150,30-44,North,3,3,3,2,3.0,3,1,2.0,5.0,2
SYN-0151,45-59,East,3,2,3,2,3.0,4,3,3.0,4.0,2
SYN-0152,45-59,North,4,3,1,2,5.0,3,3,1.0,2.0,3
SYN-0153,45-59,Central,3,1,1,2,4.0,2,2,1.0,1.0,2
SYN-0154,45-59,South,4,2,2,3,4.0,4,5,3.0,2.0,3
SYN-0155,30-44,Central,3,3,2,4,5.0,2,3,4.0,2.0,4
SYN-0156,30-44,North,2,3,5,5,3.0,5,4,4.0,5.0,4
SYN-0157,30-44,East,4,2,3,2,4.0,3,3,4.0,3.0,3
SYN-0158,18-29,East,3,4,3,4,3.0,3,1,2.0,4.0,3
SYN-0159,18-29,East,3,1,1,2,3.0,4,3,3.0,2.0,2
SYN-0160,30-44,West,3,3,2,2,3.0,2,1,3.0,2.0,3
SYN-0161,60+,North,5,3,1,3,4.0,4,2,2.0,2.0,3
SYN-0162,45-59,South,1,2,2,1,3.0,2,1,2.0,4.0,1
SYN-0163,18-29,Central,4,5,5,5,3.0,4,4,5.0,4.0,3
SYN-0164,30-44,West,3,3,1,3,3.0,4,1,2.0,2.0,3
SYN-0165,18-29,South,4,3,3,3,4.0,5,4,4.0,5.0,3
SYN-0166,45-59,North,3,3,3,4,2.0,3,2,2.0,2.0,2
SYN-0167,45-59,East,4,3,4,3,2.0,5,3,5.0,3.0,3
SYN-0168,30-44,North,3,3,3,3,2.0,4,4,3.0,,2
SYN-0169,30-44,Central,4,2,2,3,,4,4,4.0,3.0,3
SYN-0170,30-44,East,3,3,2,4,2.0,3,2,2.0,3.0,3
SYN-0171,30-44,South,3,3,1,2,3.0,4,3,2.0,3.0,2
SYN-0172,45-59,East,3,3,4,3,3.0,3,2,3.0,3.0,3
SYN-0173,45-59,South,2,2,2,4,4.0,4,4,2.0,2.0,2
SYN-0174,30-44,West,3,1,3,3,4.0,3,1,3.0,2.0,2
SYN-0175,30-44,South,2,2,1,2,3.0,2,3,2.0,3.0,1
SYN-0176,18-29,North,1,4,2,4,3.0,5,4,2.0,4.0,3
SYN-0177,18-29,North,4,4,4,5,4.0,3,2,2.0,4.0,3
SYN-0178,18-29,East,5,3,1,3,4.0,3,4,,4.0,4
SYN-0179,30-44,North,3,3,3,3,3.0,5,3,3.0,3.0,4
SYN-0180,60+,Central,2,3,3,3,3.0,3,4,2.0,3.0,2
SYN-0181,30-44,North,1,4,4,5,4.0,3,3,3.0,4.0,1
SYN-0182,18-29,Central,2,2,2,3,1.0,4,3,3.0,2.0,2
SYN-0183,18-29,South,4,4,3,3,3.0,3,4,3.0,3.0,3
SYN-0184,30-44,North,4,2,4,2,4.0,4,4,4.0,2.0,3
SYN-0185,45-59,South,4,4,4,2,4.0,5,4,3.0,2.0,3
SYN-0186,30-44,West,4,4,4,4,5.0,4,4,1.0,2.0,3
SYN-0187,45-59,North,3,3,4,3,2.0,2,3,2.0,3.0,3
SYN-0188,45-59,North,2,3,1,4,4.0,3,1,3.0,4.0,2
SYN-0189,18-29,Central,3,1,2,3,2.0,3,3,4.0,2.0,3
SYN-0190,30-44,West,4,4,4,3,3.0,5,3,5.0,4.0,4
SYN-0191,60+,South,4,4,3,4,3.0,4,4,2.0,5.0,3
SYN-0192,30-44,East,1,3,2,4,2.0,4,5,3.0,3.0,2
SYN-0193,18-29,North,2,2,2,4,1.0,5,2,2.0,2.0,2
SYN-0194,60+,East,3,3,3,4,4.0,4,4,5.0,3.0,3
SYN-0195,60+,North,2,1,2,2,3.0,3,3,4.0,2.0,2
SYN-0196,30-44,East,3,3,1,3,4.0,3,1,3.0,2.0,2
SYN-0197,30-44,North,3,3,2,3,3.0,3,3,3.0,3.0,3
SYN-0198,18-29,West,4,3,3,3,4.0,2,1,3.0,4.0,3
SYN-0199,45-59,Central,3,3,3,5,2.0,3,1,4.0,4.0,2
SYN-0200,30-44,North,4,2,2,3,5.0,1,1,2.0,1.0,2
SYN-0201,18-29,Central,2,4,3,3,1.0,3,3,3.0,2.0,2
SYN-0202,45-59,North,4,4,5,4,3.0,4,4,3.0,3.0,3
SYN-0203,60+,North,3,3,3,3,3.0,4,3,4.0,4.0,3
SYN-0204,45-59,South,1,4,3,2,1.0,2,3,3.0,4.0,2
SYN-0205,18-29,Central,3,1,2,2,3.0,2,2,2.0,4.0,1
SYN-0206,18-29,Central,3,2,2,4,4.0,4,4,3.0,3.0,2
SYN-0207,60+,West,3,2,2,2,2.0,3,2,3.0,2.0,2
SYN-0208,60+,North,3,2,2,2,3.0,4,4,5.0,3.0,3
SYN-0209,30-44,Central,3,2,2,2,4.0,3,2,2.0,2.0,2
SYN-0210,45-59,North,3,4,2,3,3.0,2,4,3.0,3.0,2
SYN-0211,30-44,South,3,4,4,3,3.0,4,5,4.0,3.0,2
SYN-0212,30-44,Central,1,1,2,1,1.0,3,3,3.0,1.0,1
SYN-0213,18-29,North,4,3,2,5,4.0,2,2,2.0,3.0,3
SYN-0214,18-29,North,3,3,3,3,2.0,4,2,4.0,3.0,2
SYN-0215,18-29,West,1,3,2,3,3.0,3,4,3.0,4.0,2
SYN-0216,45-59,North,3,4,3,4,3.0,3,3,3.0,4.0,3
SYN-0217,18-29,East,4,3,3,4,4.0,3,3,4.0,2.0,3
SYN-0218,18-29,West,4,4,4,4,4.0,3,2,2.0,3.0,3
SYN-0219,30-44,South,4,3,1,3,4.0,3,4,3.0,1.0,3
SYN-0220,18-29,Central,1,2,3,2,,3,2,1.0,2.0,2
SYN-0221,18-29,East,4,2,2,3,3.0,2,3,2.0,3.0,3
SYN-0222,30-44,West,3,5,4,3,2.0,3,4,1.0,3.0,3
SYN-0223,30-44,North,3,3,3,3,2.0,2,4,4.0,4.0,2
SYN-0224,30-44,West,5,2,2,1,5.0,2,3,3.0,1.0,3
SYN-0225,60+,West,4,2,4,3,5.0,4,1,2.0,3.0,4
SYN-0226,18-29,North,3,3,3,3,2.0,3,2,2.0,3.0,3
SYN-0227,60+,North,3,4,5,3,3.0,5,5,5.0,5.0,4
SYN-0228,60+,East,2,4,4,5,3.0,5,3,2.0,5.0,2
SYN-0229,45-59,North,3,3,2,3,3.0,3,1,2.0,3.0,3
SYN-0230,45-59,East,3,3,3,5,2.0,3,4,4.0,4.0,2
SYN-0231,30-44,North,3,2,2,2,2.0,2,3,1.0,2.0,2
SYN-0232,45-59,East,2,1,2,2,3.0,3,3,3.0,4.0,2
SYN-0233,45-59,Central,4,5,2,2,2.0,4,2,1.0,2.0,3
SYN-0234,18-29,North,4,3,3,4,2.0,5,3,3.0,3.0,3
SYN-0235,60+,North,3,3,2,3,3.0,3,4,2.0,3.0,2
SYN-0236,30-44,North,3,3,2,2,4.0,5,2,4.0,,3
SYN-0237,45-59,South,2,2,1,1,2.0,2,1,1.0,2.0,2
SYN-0238,30-44,North,4,2,4,1,3.0,4,3,1.0,,2
SYN-0239,18-29,West,1,2,1,3,3.0,4,3,2.0,3.0,1
SYN-0240,30-44,East,3,2,2,2,3.0,2,3,2.0,3.0,2
SYN-0241,30-44,Central,2,2,1,2,2.0,3,3,2.0,3.0,2
SYN-0242,30-44,West,4,3,4,2,4.0,3,3,4.0,3.0,2
SYN-0243,30-44,East,3,1,2,1,3.0,3,4,1.0,2.0,2
SYN-0244,18-29,East,3,3,2,2,3.0,4,5,2.0,2.0,2
SYN-0245,30-44,North,5,5,4,4,,4,4,3.0,4.0,5
SYN-0246,30-44,East,2,2,2,3,3.0,3,2,3.0,2.0,1
SYN-0247,60+,South,2,2,2,3,2.0,4,2,4.0,2.0,2
SYN-0248,18-29,West,5,5,4,5,4.0,3,3,4.0,4.0,3
SYN-0249,30-44,South,3,5,5,5,4.0,5,4,4.0,5.0,3
SYN-0250,30-44,East,3,1,3,3,3.0,3,2,1.0,2.0,2
SYN-0251,30-44,Central,1,3,2,3,2.0,4,2,3.0,2.0,3
SYN-0252,30-44,North,4,4,2,3,4.0,4,4,4.0,2.0,3
SYN-0253,45-59,North,4,4,4,5,4.0,5,4,4.0,4.0,3
SYN-0254,60+,West,4,1,3,3,2.0,3,3,3.0,3.0,1
SYN-0255,18-29,East,3,3,3,3,4.0,2,2,2.0,4.0,2
SYN-0256,45-59,Central,5,2,3,2,4.0,4,4,3.0,3.0,3
SYN-0257,18-29,East,4,2,3,3,5.0,4,3,5.0,4.0,3
SYN-0258,18-29,North,5,2,2,3,3.0,2,1,1.0,3.0,3
SYN-0259,30-44,North,1,3,3,4,2.0,4,4,2.0,4.0,1
SYN-0260,18-29,South,4,2,1,2,3.0,3,3,3.0,3.0,2
SYN-0261,30-44,East,3,2,2,4,3.0,2,1,2.0,4.0,3
SYN-0262,45-59,West,2,4,3,4,2.0,4,3,2.0,3.0,3
SYN-0263,45-59,East,3,3,3,4,1.0,3,2,4.0,2.0,1
SYN-0264,30-44,Central,2,3,2,4,2.0,2,2,2.0,3.0,2
SYN-0265,30-44,West,2,3,3,2,,3,2,2.0,4.0,2
SYN-0266,30-44,South,3,3,4,4,3.0,4,2,2.0,,3
SYN-0267,18-29,West,1,1,4,3,4.0,3,3,5.0,4.0,2
SYN-0268,18-29,North,4,4,4,2,4.0,3,2,3.0,5.0,4
SYN-0269,45-59,North,3,3,3,3,3.0,3,3,,4.0,3
SYN-0270,60+,North,4,3,3,4,,4,2,4.0,3.0,3
SYN-0271,18-29,West,3,2,2,3,4.0,4,2,2.0,1.0,3
SYN-0272,30-44,North,3,4,4,5,3.0,4,4,3.0,3.0,3
SYN-0273,45-59,West,2,2,3,3,2.0,4,3,4.0,2.0,2
SYN-0274,45-59,East,4,4,4,5,4.0,5,5,5.0,4.0,3
SYN-0275,30-44,North,4,3,4,4,5.0,2,2,1.0,4.0,3
SYN-0276,30-44,West,4,5,3,3,4.0,3,2,3.0,4.0,3
SYN-0277,45-59,North,2,3,2,1,2.0,2,2,1.0,3.0,3
SYN-0278,45-59,North,4,1,3,3,3.0,2,1,2.0,3.0,3
SYN-0279,18-29,South,3,3,4,3,3.0,3,4,3.0,1.0,3
SYN-0280,60+,Central,3,3,4,3,4.0,3,5,2.0,3.0,2
SYN-0281,18-29,Central,5,3,3,4,3.0,3,4,3.0,4.0,4
SYN-0282,45-59,North,3,1,1,3,2.0,3,2,2.0,4.0,1
SYN-0283,18-29,East,2,5,3,5,2.0,3,2,2.0,4.0,2
SYN-0284,18-29,North,3,3,3,3,2.0,3,3,3.0,5.0,2
SYN-0285,18-29,Central,3,2,2,2,3.0,3,1,1.0,3.0,3
SYN-0286,30-44,South,4,2,1,3,3.0,3,2,4.0,3.0,3
SYN-0287,30-44,South,4,4,3,4,4.0,5,4,4.0,4.0,3
SYN-0288,18-29,East,1,3,3,4,2.0,3,3,,3.0,2
SYN-0289,30-44,Central,3,2,3,3,3.0,4,2,3.0,2.0,2
SYN-0290,30-44,East,5,3,3,5,4.0,4,4,3.0,2.0,4
SYN-0291,45-59,East,2,1,2,4,3.0,2,2,4.0,2.0,2
SYN-0292,60+,Central,2,4,3,3,4.0,4,5,3.0,4.0,3
SYN-0293,45-59,Central,3,4,4,5,4.0,3,4,3.0,4.0,4
SYN-0294,18-29,South,3,2,1,3,2.0,2,3,3.0,1.0,2
SYN-0295,30-44,South,2,2,2,4,2.0,2,2,1.0,2.0,2
SYN-0296,60+,North,2,2,4,4,2.0,3,3,3.0,4.0,2
SYN-0297,18-29,South,3,2,2,3,3.0,2,1,3.0,4.0,2
SYN-0298,30-44,North,2,3,3,3,3.0,3,3,4.0,2.0,2
SYN-0299,60+,South,3,2,2,2,2.0,3,1,3.0,1.0,2
SYN-0300,60+,West,3,3,3,5,3.0,4,3,4.0,4.0,3
SYN-0301,30-44,South,5,4,4,4,3.0,3,3,3.0,3.0,3
SYN-0302,45-59,East,3,1,1,2,2.0,3,2,1.0,3.0,2
SYN-0303,30-44,Central,4,4,5,4,4.0,4,3,5.0,5.0,3
SYN-0304,45-59,West,3,2,2,3,3.0,5,4,2.0,4.0,2
SYN-0305,18-29,West,4,2,3,3,3.0,1,1,1.0,4.0,2
SYN-0306,18-29,West,2,3,3,2,1.0,3,4,4.0,3.0,1
SYN-0307,30-44,East,4,3,3,4,4.0,5,3,4.0,5.0,3
SYN-0308,18-29,East,4,5,3,4,5.0,4,3,4.0,2.0,3
SYN-0309,45-59,South,3,3,3,3,3.0,2,3,4.0,3.0,3
SYN-0310,30-44,West,5,4,5,3,4.0,4,2,2.0,5.0,4
SYN-0311,60+,West,1,4,3,4,3.0,2,3,3.0,3.0,3
SYN-0312,45-59,South,2,2,2,4,1.0,4,4,2.0,4.0,2
SYN-0313,30-44,North,4,5,4,5,5.0,4,3,4.0,4.0,4
SYN-0314,45-59,North,4,3,2,3,5.0,3,5,2.0,3.0,3
SYN-0315,18-29,Central,3,4,5,4,2.0,3,2,2.0,3.0,3
SYN-0316,30-44,North,3,2,3,3,3.0,4,3,3.0,2.0,3
SYN-0317,18-29,Central,3,3,2,3,3.0,1,4,3.0,3.0,2
SYN-0318,45-59,North,2,2,2,3,3.0,2,4,,3.0,1
SYN-0319,45-59,West,4,5,2,4,3.0,4,4,4.0,3.0,2
SYN-0320,60+,North,2,2,1,2,3.0,2,1,3.0,3.0,2
SYN-0321,60+,East,1,4,4,4,2.0,3,2,3.0,4.0,1
SYN-0322,60+,Central,4,4,4,3,3.0,2,2,1.0,4.0,4
SYN-0323,18-29,North,5,5,4,4,4.0,4,2,4.0,3.0,4
SYN-0324,60+,East,4,4,3,5,4.0,3,1,3.0,2.0,3
SYN-0325,30-44,West,4,3,4,5,2.0,4,3,4.0,4.0,2
SYN-0326,30-44,East,2,3,3,3,3.0,4,3,3.0,5.0,3
SYN-0327,30-44,West,2,1,3,1,5.0,4,3,2.0,3.0,2
SYN-0328,30-44,South,5,3,3,2,4.0,4,3,5.0,2.0,3
SYN-0329,18-29,East,1,2,3,2,2.0,3,1,2.0,3.0,1
SYN-0330,18-29,North,3,1,3,3,3.0,4,3,3.0,3.0,2
SYN-0331,18-29,West,4,4,3,4,4.0,4,3,3.0,3.0,4
SYN-0332,30-44,East,3,2,3,4,5.0,4,4,2.0,5.0,4
SYN-0333,60+,Central,2,2,2,3,3.0,3,3,,2.0,3
SYN-0334,45-59,Central,3,1,2,2,2.0,4,1,1.0,2.0,2
SYN-0335,30-44,East,4,3,3,3,3.0,4,3,2.0,3.0,3
SYN-0336,30-44,North,2,2,4,2,3.0,3,2,2.0,3.0,2
SYN-0337,30-44,West,2,4,1,1,3.0,2,1,3.0,2.0,1
SYN-0338,18-29,Central,3,4,3,2,2.0,1,1,3.0,2.0,2
SYN-0339,45-59,North,4,4,4,3,5.0,5,5,2.0,4.0,3
SYN-0340,18-29,Central,3,4,3,4,2.0,3,2,4.0,1.0,2
SYN-0341,45-59,West,4,1,1,2,3.0,2,2,3.0,2.0,2
SYN-0342,45-59,Central,4,2,2,4,5.0,4,3,2.0,4.0,3
SYN-0343,30-44,South,4,3,3,2,4.0,3,4,1.0,4.0,3
SYN-0344,45-59,West,2,2,4,2,3.0,3,4,3.0,4.0,3
SYN-0345,30-44,North,1,4,4,5,2.0,4,3,4.0,4.0,2
SYN-0346,60+,East,1,1,1,1,2.0,2,2,4.0,4.0,1
SYN-0347,45-59,Central,4,3,3,4,3.0,4,4,3.0,2.0,3
SYN-0348,45-59,East,2,3,4,2,2.0,5,3,5.0,4.0,3
SYN-0349,45-59,North,2,2,2,3,2.0,3,3,1.0,2.0,2
SYN-0350,45-59,North,4,4,3,3,4.0,5,3,3.0,5.0,3
SYN-0351,60+,East,2,4,3,4,3.0,5,3,3.0,3.0,3
SYN-0352,30-44,West,3,4,3,5,4.0,4,3,4.0,5.0,4
SYN-0353,45-59,West,3,2,2,1,2.0,2,3,4.0,2.0,2
SYN-0354,45-59,East,3,3,3,4,5.0,3,2,4.0,5.0,3
SYN-0355,30-44,South,3,3,3,2,3.0,4,3,1.0,4.0,3
SYN-0356,60+,North,2,3,2,3,,3,3,4.0,3.0,2
SYN-0357,30-44,Central,3,4,2,3,2.0,2,3,3.0,4.0,2
SYN-0358,30-44,East,4,5,3,3,4.0,3,2,1.0,3.0,3
SYN-0359,18-29,Central,3,2,1,2,3.0,5,2,1.0,3.0,3
SYN-0360,18-29,South,3,3,2,4,2.0,3,3,4.0,3.0,2
SYN-0361,45-59,North,3,2,2,2,4.0,4,3,3.0,2.0,3
SYN-0362,30-44,South,2,3,2,4,4.0,3,4,2.0,3.0,3
SYN-0363,30-44,Central,5,4,4,3,5.0,3,2,2.0,2.0,4
SYN-0364,18-29,North,4,2,2,1,3.0,3,2,3.0,3.0,2
SYN-0365,30-44,North,3,4,2,4,3.0,4,3,3.0,2.0,3
SYN-0366,45-59,South,4,4,4,4,3.0,3,3,2.0,4.0,3
SYN-0367,60+,Central,2,3,3,4,2.0,4,2,5.0,,4
SYN-0368,18-29,North,3,3,2,3,2.0,3,2,3.0,3.0,2
SYN-0369,30-44,South,3,3,2,2,3.0,3,2,3.0,2.0,3
SYN-0370,30-44,North,4,3,4,3,4.0,4,2,2.0,3.0,3
SYN-0371,30-44,North,4,5,3,3,2.0,4,4,3.0,3.0,3
SYN-0372,30-44,North,3,3,4,5,3.0,4,4,2.0,4.0,3
SYN-0373,30-44,South,3,4,4,4,4.0,3,2,3.0,5.0,3
SYN-0374,30-44,West,3,3,2,4,4.0,4,2,2.0,3.0,3
SYN-0375,30-44,Central,3,5,4,3,2.0,3,2,3.0,1.0,3
SYN-0376,30-44,Central,3,5,5,4,2.0,3,5,2.0,5.0,3
SYN-0377,30-44,Central,3,2,3,4,4.0,5,4,3.0,2.0,3
SYN-0378,45-59,Central,5,2,1,2,2.0,3,1,4.0,1.0,2
SYN-0379,45-59,East,5,4,4,4,5.0,3,4,3.0,4.0,3
SYN-0380,30-44,Central,2,2,2,2,2.0,2,1,2.0,4.0,3
SYN-0381,45-59,East,4,4,3,3,5.0,1,2,1.0,2.0,3
SYN-0382,45-59,West,5,4,4,3,3.0,3,3,3.0,5.0,4
SYN-0383,18-29,West,2,2,2,1,,3,2,2.0,1.0,2
SYN-0384,30-44,South,3,2,1,3,3.0,3,3,3.0,2.0,2
SYN-0385,18-29,East,3,2,1,2,1.0,3,2,1.0,1.0,2
SYN-0386,45-59,West,3,2,4,3,2.0,1,3,3.0,3.0,2
SYN-0387,18-29,East,3,3,3,1,3.0,3,3,3.0,3.0,2
SYN-0388,45-59,Central,3,3,3,4,4.0,4,3,4.0,2.0,4
SYN-0389,18-29,North,2,4,2,3,4.0,4,2,,5.0,3
SYN-0390,30-44,North,4,1,2,2,4.0,4,2,1.0,2.0,3
SYN-0391,60+,West,3,1,1,2,3.0,3,3,2.0,1.0,3
SYN-0392,30-44,South,2,3,3,3,2.0,2,1,1.0,4.0,2
SYN-0393,60+,Central,1,4,3,1,1.0,1,1,2.0,4.0,2
SYN-0394,60+,Central,1,3,3,4,3.0,3,2,1.0,4.0,2
SYN-0395,60+,Central,2,3,4,4,3.0,3,3,3.0,2.0,2
SYN-0396,18-29,West,3,2,3,3,4.0,2,4,4.0,3.0,2
SYN-0397,45-59,East,4,4,4,3,3.0,3,3,3.0,2.0,3
SYN-0398,18-29,West,3,2,3,2,4.0,4,2,3.0,4.0,2
SYN-0399,30-44,Central,2,3,5,4,3.0,4,4,2.0,2.0,3
SYN-0400,60+,South,3,1,3,4,3.0,4,2,2.0,2.0,2
SYN-0401,45-59,North,2,3,3,3,3.0,3,4,4.0,3.0,4
SYN-0402,30-44,West,5,3,2,2,4.0,3,4,3.0,3.0,2
SYN-0403,30-44,South,4,2,3,4,4.0,4,3,3.0,3.0,3
SYN-0404,45-59,South,2,3,3,3,3.0,1,2,1.0,4.0,2
SYN-0405,45-59,South,4,2,4,4,3.0,3,3,3.0,4.0,3
SYN-0406,30-44,Central,3,3,4,3,3.0,3,4,2.0,3.0,3
SYN-0407,60+,West,3,2,3,1,3.0,3,2,4.0,,3
SYN-0408,18-29,South,3,5,3,4,4.0,4,4,5.0,5.0,4
SYN-0409,18-29,East,2,2,1,1,2.0,1,1,1.0,1.0,1
SYN-0410,45-59,North,2,1,1,1,2.0,2,1,1.0,4.0,2
SYN-0411,60+,Central,2,1,1,2,4.0,2,1,1.0,4.0,2
SYN-0412,18-29,West,1,1,1,2,4.0,2,2,1.0,2.0,2
SYN-0413,18-29,North,3,2,3,1,4.0,4,1,4.0,4.0,2
SYN-0414,18-29,North,2,3,4,4,1.0,2,2,1.0,1.0,3
SYN-0415,45-59,West,4,4,3,3,4.0,3,2,2.0,3.0,3
SYN-0416,18-29,Central,2,2,3,3,3.0,3,2,3.0,4.0,2
SYN-0417,30-44,Central,3,4,3,3,3.0,5,5,5.0,4.0,2
SYN-0418,60+,South,5,5,4,3,4.0,5,5,4.0,3.0,3
SYN-0419,18-29,North,4,3,2,4,4.0,4,3,2.0,3.0,3
SYN-0420,30-44,North,3,4,3,3,3.0,3,2,3.0,1.0,3
SYN-0421,30-44,North,3,3,3,4,4.0,3,2,2.0,3.0,2
SYN-0422,45-59,North,4,1,2,2,3.0,1,2,1.0,1.0,3
SYN-0423,30-44,North,1,2,3,3,2.0,1,3,3.0,4.0,2
SYN-0424,30-44,East,2,2,2,1,5.0,3,2,2.0,3.0,3
SYN-0425,18-29,Central,3,2,2,2,3.0,3,4,4.0,2.0,2
SYN-0426,45-59,North,3,3,3,3,2.0,3,2,2.0,3.0,2
SYN-0427,45-59,North,4,4,3,2,2.0,3,3,4.0,3.0,3
SYN-0428,18-29,South,2,3,3,5,4.0,5,3,2.0,4.0,3
SYN-0429,30-44,West,3,2,2,2,3.0,3,2,3.0,1.0,2
SYN-0430,60+,Central,4,3,3,3,4.0,4,3,2.0,4.0,2
SYN-0431,18-29,North,2,2,2,3,1.0,3,2,2.0,1.0,2
SYN-0432,30-44,Central,2,4,5,2,4.0,5,4,4.0,2.0,2
SYN-0433,30-44,South,3,3,2,3,4.0,3,2,2.0,3.0,3
SYN-0434,30-44,North,2,2,2,3,3.0,3,2,5.0,2.0,2
SYN-0435,18-29,West,2,5,3,5,2.0,2,3,4.0,4.0,4
SYN-0436,30-44,East,5,1,3,3,5.0,4,1,3.0,2.0,2
SYN-0437,18-29,Central,4,2,3,2,3.0,3,3,3.0,4.0,3
SYN-0438,30-44,West,1,2,2,2,1.0,3,3,4.0,3.0,2
SYN-0439,45-59,Central,2,2,2,2,1.0,5,2,2.0,3.0,1
SYN-0440,30-44,North,3,3,3,4,2.0,4,3,4.0,3.0,3
SYN-0441,18-29,West,4,2,3,2,1.0,3,3,3.0,4.0,2
SYN-0442,45-59,West,3,4,4,4,3.0,4,4,3.0,4.0,3
SYN-0443,18-29,Central,2,4,3,5,3.0,3,3,3.0,4.0,3
SYN-0444,45-59,South,3,4,3,4,2.0,4,5,5.0,4.0,2
SYN-0445,30-44,North,2,1,3,2,3.0,4,3,3.0,1.0,2
SYN-0446,45-59,East,2,1,3,1,1.0,3,3,3.0,1.0,2
SYN-0447,18-29,East,2,4,4,4,3.0,2,3,3.0,3.0,3
SYN-0448,18-29,East,2,3,4,3,4.0,4,1,2.0,3.0,2
SYN-0449,30-44,South,2,2,3,4,3.0,5,4,5.0,4.0,3
SYN-0450,18-29,East,4,4,3,3,5.0,3,2,5.0,3.0,4
SYN-0451,18-29,South,4,3,3,4,2.0,3,1,3.0,3.0,2
SYN-0452,45-59,West,3,3,3,3,5.0,4,2,2.0,2.0,2
SYN-0453,45-59,North,2,5,4,4,2.0,4,5,2.0,4.0,2
SYN-0454,18-29,South,3,4,4,4,4.0,4,3,3.0,3.0,4
SYN-0455,60+,South,3,2,4,2,3.0,3,3,2.0,3.0,3
SYN-0456,45-59,South,3,3,4,5,3.0,4,3,3.0,1.0,3
SYN-0457,45-59,North,5,5,5,4,5.0,4,2,3.0,4.0,4
SYN-0458,45-59,Central,1,3,3,3,2.0,3,2,2.0,1.0,1
SYN-0459,45-59,West,2,3,3,3,4.0,4,3,5.0,3.0,3
SYN-0460,30-44,North,3,3,3,2,2.0,5,3,2.0,4.0,2
SYN-0461,45-59,East,3,4,4,3,4.0,3,3,3.0,3.0,3
SYN-0462,60+,East,3,1,3,3,2.0,3,2,3.0,1.0,1
SYN-0463,18-29,South,3,2,1,2,3.0,3,1,3.0,2.0,2
SYN-0464,30-44,North,2,1,1,1,2.0,2,1,3.0,1.0,2
SYN-0465,18-29,North,2,2,2,2,2.0,1,1,2.0,1.0,1
SYN-0466,60+,Central,3,2,2,3,3.0,2,1,3.0,3.0,3
SYN-0467,30-44,North,4,3,3,4,3.0,2,1,1.0,3.0,2
SYN-0468,45-59,North,3,5,5,5,4.0,2,2,3.0,4.0,3
SYN-0469,45-59,North,3,1,4,4,3.0,3,3,3.0,4.0,2
SYN-0470,60+,North,3,2,3,3,3.0,4,1,4.0,3.0,3
SYN-0471,18-29,West,4,4,2,2,3.0,4,4,1.0,3.0,2
SYN-0472,45-59,East,3,3,3,2,2.0,4,4,2.0,2.0,3
SYN-0473,60+,North,4,3,3,2,3.0,1,3,4.0,2.0,3
SYN-0474,18-29,East,5,4,2,2,3.0,4,3,1.0,2.0,3
SYN-0475,45-59,North,2,4,3,4,4.0,3,1,3.0,3.0,3
SYN-0476,30-44,South,3,3,2,3,4.0,4,3,4.0,3.0,3
SYN-0477,45-59,North,2,5,4,4,3.0,4,3,3.0,3.0,2
SYN-0478,30-44,North,3,2,3,1,4.0,2,2,2.0,5.0,2
SYN-0479,18-29,North,5,2,4,5,3.0,4,3,2.0,2.0,4
SYN-0480,18-29,South,4,3,4,4,2.0,4,4,3.0,4.0,3
SYN-0481,18-29,South,3,3,3,5,3.0,4,2,2.0,2.0,3
SYN-0482,18-29,Central,2,5,4,3,2.0,3,3,2.0,3.0,3
SYN-0483,45-59,East,2,3,3,2,3.0,4,1,2.0,3.0,3
SYN-0484,30-44,East,5,4,4,2,3.0,4,5,3.0,4.0,4
SYN-0485,18-29,East,2,3,3,3,3.0,4,5,3.0,3.0,2
SYN-0486,45-59,South,2,4,4,2,2.0,1,3,4.0,3.0,3
SYN-0487,45-59,South,4,2,3,2,3.0,4,3,2.0,2.0,3
SYN-0488,30-44,South,3,4,2,2,3.0,3,3,4.0,2.0,3
SYN-0489,60+,Central,3,3,3,3,3.0,4,4,2.0,2.0,2
SYN-0490,30-44,South,2,5,4,4,2.0,4,4,3.0,3.0,2
SYN-0491,45-59,North,3,2,4,5,5.0,3,3,2.0,4.0,3
SYN-0492,18-29,West,3,3,4,3,4.0,4,3,1.0,4.0,3
SYN-0493,45-59,Central,2,3,3,3,5.0,3,5,2.0,3.0,2
SYN-0494,60+,East,4,4,3,2,3.0,4,3,3.0,3.0,3
SYN-0495,45-59,West,3,3,3,3,4.0,4,2,4.0,1.0,4
SYN-0496,30-44,South,5,3,2,3,4.0,3,3,2.0,4.0,3
SYN-0497,30-44,West,3,2,1,2,3.0,2,1,2.0,1.0,2
SYN-0498,30-44,South,1,3,2,4,4.0,1,2,1.0,4.0,2
SYN-0499,45-59,North,2,1,1,2,2.0,3,1,2.0,3.0,2
SYN-0500,45-59,North,5,2,3,1,2.0,1,1,3.0,2.0,2
SYN-0501,60+,North,4,5,4,5,1.0,4,3,3.0,,3
SYN-0502,30-44,West,2,5,4,4,4.0,5,3,4.0,3.0,4
SYN-0503,18-29,South,4,3,2,2,4.0,3,2,4.0,3.0,3
SYN-0504,30-44,Central,2,2,2,1,4.0,2,2,3.0,2.0,1
SYN-0505,18-29,South,1,1,1,1,1.0,3,2,,1.0,1
SYN-0506,18-29,Central,3,3,2,4,3.0,3,1,2.0,3.0,2
SYN-0507,30-44,West,4,5,5,5,4.0,4,4,3.0,5.0,4
SYN-0508,45-59,West,1,3,4,3,3.0,4,1,3.0,3.0,3
SYN-0509,18-29,North,3,2,1,2,3.0,4,2,4.0,1.0,3
SYN-0510,18-29,East,4,4,3,5,5.0,2,4,1.0,4.0,4
SYN-0511,18-29,Central,1,1,1,3,4.0,5,4,3.0,2.0,2
SYN-0512,60+,North,4,2,2,2,5.0,3,3,3.0,3.0,3
SYN-0513,45-59,West,3,3,3,3,,4,3,4.0,3.0,3
SYN-0514,18-29,North,4,4,3,3,2.0,3,2,3.0,1.0,2
SYN-0515,18-29,Central,4,3,5,4,5.0,4,4,3.0,3.0,4
SYN-0516,30-44,North,5,3,3,3,3.0,3,2,3.0,4.0,3
SYN-0517,18-29,South,2,3,4,4,3.0,2,3,3.0,4.0,3
SYN-0518,30-44,South,2,4,4,4,3.0,3,3,2.0,3.0,3
SYN-0519,30-44,Central,4,2,3,3,3.0,5,3,2.0,2.0,2
SYN-0520,60+,North,5,3,5,3,4.0,5,3,1.0,5.0,3
SYN-0521,18-29,North,3,4,2,2,2.0,4,4,3.0,3.0,3
SYN-0522,45-59,West,3,3,3,2,3.0,5,2,2.0,1.0,3
SYN-0523,18-29,West,4,3,4,5,4.0,4,3,3.0,3.0,3
SYN-0524,60+,West,2,3,3,4,4.0,3,2,1.0,3.0,3
SYN-0525,60+,South,2,4,4,5,3.0,3,3,2.0,4.0,3
SYN-0526,45-59,South,1,3,2,3,2.0,3,4,3.0,2.0,2
SYN-0527,30-44,East,3,5,4,4,3.0,3,3,2.0,4.0,2
SYN-0528,18-29,East,2,3,4,2,2.0,4,5,4.0,1.0,3
SYN-0529,45-59,South,2,3,3,4,3.0,4,2,3.0,2.0,3
SYN-0530,45-59,Central,4,5,4,4,3.0,2,3,3.0,2.0,3
SYN-0531,18-29,South,3,2,2,4,4.0,4,3,4.0,2.0,2
SYN-0532,30-44,North,3,1,3,2,3.0,2,2,2.0,4.0,3
SYN-0533,30-44,North,3,1,3,3,2.0,3,1,2.0,5.0,2
SYN-0534,45-59,East,4,2,3,3,3.0,2,3,3.0,3.0,2
SYN-0535,45-59,West,3,1,1,3,3.0,3,3,2.0,2.0,2
SYN-0536,45-59,North,5,3,4,2,4.0,3,2,4.0,3.0,5
SYN-0537,45-59,North,2,3,3,3,3.0,3,1,1.0,3.0,2
SYN-0538,18-29,North,4,3,5,4,4.0,4,3,3.0,2.0,3
SYN-0539,30-44,East,1,1,1,1,2.0,5,3,3.0,1.0,1
SYN-0540,18-29,Central,3,1,2,1,2.0,4,4,3.0,4.0,3
SYN-0541,45-59,Central,3,1,1,2,3.0,3,2,1.0,1.0,2
SYN-0542,30-44,North,3,2,2,4,4.0,3,3,1.0,2.0,3
SYN-0543,30-44,West,4,4,4,5,4.0,3,2,3.0,3.0,4
SYN-0544,18-29,South,1,2,2,3,2.0,3,1,3.0,3.0,2
SYN-0545,18-29,East,1,3,1,4,1.0,2,3,1.0,2.0,1
SYN-0546,30-44,East,2,3,2,3,3.0,3,2,3.0,3.0,2
SYN-0547,18-29,North,4,3,3,4,4.0,3,2,3.0,4.0,3
SYN-0548,18-29,West,2,1,2,2,3.0,4,2,3.0,4.0,3
SYN-0549,45-59,South,2,3,4,3,4.0,1,2,2.0,3.0,3
SYN-0550,30-44,East,4,3,4,3,2.0,4,3,,3.0,3
SYN-0551,30-44,Central,3,3,2,2,3.0,3,2,3.0,5.0,2
SYN-0552,30-44,West,3,3,4,4,2.0,1,2,2.0,3.0,2
SYN-0553,45-59,West,4,2,3,3,3.0,1,3,3.0,2.0,1
SYN-0554,30-44,South,5,5,5,4,5.0,3,5,4.0,4.0,4
SYN-0555,45-59,North,2,3,2,2,3.0,3,2,2.0,4.0,2
SYN-0556,60+,West,3,2,3,3,4.0,2,1,2.0,3.0,2
SYN-0557,45-59,West,1,2,2,4,2.0,3,2,3.0,3.0,2
SYN-0558,30-44,South,3,2,3,4,2.0,3,4,3.0,1.0,3
SYN-0559,45-59,South,1,1,1,1,2.0,1,1,1.0,2.0,1
SYN-0560,30-44,Central,1,2,2,2,2.0,3,1,4.0,4.0,3
SYN-0561,30-44,North,1,2,2,2,2.0,3,3,2.0,2.0,2
SYN-0562,30-44,West,3,2,3,4,5.0,4,3,4.0,3.0,3
SYN-0563,30-44,South,4,2,3,3,4.0,2,3,,3.0,3
SYN-0564,18-29,Central,5,2,3,2,3.0,4,3,4.0,2.0,2
SYN-0565,30-44,East,3,4,3,4,4.0,3,3,4.0,4.0,3
SYN-0566,18-29,North,2,3,4,3,5.0,4,3,4.0,4.0,2
SYN-0567,30-44,North,2,5,4,4,2.0,3,3,4.0,3.0,2
SYN-0568,30-44,Central,3,3,1,3,2.0,4,2,3.0,2.0,2
SYN-0569,60+,South,3,4,4,4,3.0,3,3,1.0,2.0,3
SYN-0570,18-29,Central,3,4,4,1,3.0,3,3,3.0,3.0,2
SYN-0571,30-44,North,3,3,1,2,2.0,3,2,3.0,2.0,3
SYN-0572,30-44,Central,2,2,2,5,1.0,5,3,3.0,5.0,3
SYN-0573,18-29,Central,2,1,4,4,3.0,4,3,2.0,5.0,2
SYN-0574,18-29,South,2,2,1,1,2.0,3,1,2.0,4.0,1
SYN-0575,18-29,South,2,3,3,3,3.0,4,3,3.0,2.0,2
SYN-0576,18-29,West,2,2,2,1,,3,4,2.0,3.0,2
SYN-0577,18-29,West,4,4,4,5,4.0,4,3,5.0,4.0,3
SYN-0578,30-44,Central,4,5,3,4,3.0,2,3,3.0,4.0,2
SYN-0579,30-44,West,2,3,2,2,1.0,3,3,3.0,3.0,2
SYN-0580,18-29,South,2,4,3,3,3.0,3,3,4.0,4.0,3
SYN-0581,18-29,North,1,1,1,1,2.0,1,2,1.0,2.0,2
SYN-0582,18-29,Central,2,1,3,1,3.0,2,2,3.0,3.0,2
SYN-0583,30-44,East,1,4,1,3,1.0,3,3,2.0,1.0,1
SYN-0584,30-44,West,3,2,2,3,4.0,3,3,,3.0,4
SYN-0585,30-44,Central,4,3,3,2,4.0,4,3,4.0,3.0,3
SYN-0586,18-29,North,5,4,5,4,4.0,4,5,5.0,4.0,4
SYN-0587,18-29,North,3,1,1,3,4.0,3,3,2.0,3.0,2
SYN-0588,60+,North,3,2,2,1,2.0,2,3,2.0,3.0,2
SYN-0589,18-29,East,4,2,3,3,2.0,5,5,5.0,3.0,2
SYN-0590,18-29,South,4,3,4,4,4.0,4,2,,5.0,3
SYN-0591,18-29,South,3,2,2,4,3.0,3,2,2.0,2.0,2
SYN-0592,60+,East,5,3,3,3,4.0,3,3,4.0,2.0,3
SYN-0593,30-44,West,4,5,4,4,3.0,4,3,3.0,4.0,4
SYN-0594,30-44,East,3,2,1,3,2.0,2,3,1.0,1.0,2
SYN-0595,60+,North,2,2,2,1,2.0,1,3,1.0,1.0,2
SYN-0596,18-29,South,4,2,2,3,4.0,5,4,4.0,2.0,4
SYN-0597,60+,West,4,2,3,2,4.0,4,3,1.0,3.0,3
SYN-0598,18-29,East,3,4,3,3,4.0,4,3,2.0,3.0,3
SYN-0599,30-44,Central,3,4,2,4,4.0,3,5,2.0,1.0,3
SYN-0600,30-44,Central,2,1,1,2,4.0,4,2,4.0,2.0,2
SYN-0601,30-44,West,3,4,4,3,5.0,3,2,5.0,4.0,4
SYN-0602,60+,North,2,2,2,3,3.0,4,4,2.0,2.0,3
SYN-0603,18-29,South,3,5,4,5,4.0,3,3,3.0,3.0,3
SYN-0604,60+,North,5,2,2,2,5.0,3,2,2.0,4.0,2
SYN-0605,30-44,West,3,1,3,3,4.0,2,3,3.0,3.0,2
SYN-0606,45-59,North,3,4,3,3,4.0,3,4,5.0,4.0,3
SYN-0607,60+,North,4,4,3,3,4.0,3,3,2.0,1.0,4
SYN-0608,18-29,Central,1,4,4,2,3.0,3,3,2.0,5.0,2
SYN-0609,60+,Central,1,2,1,3,2.0,4,2,1.0,3.0,1
SYN-0610,30-44,South,4,3,4,3,4.0,2,2,4.0,5.0,3
SYN-0611,45-59,Central,3,1,2,3,3.0,2,1,1.0,2.0,2
SYN-0612,18-29,Central,3,4,4,3,3.0,3,4,3.0,2.0,3
SYN-0613,30-44,South,4,2,2,2,2.0,2,1,2.0,2.0,2
SYN-0614,45-59,South,4,3,3,4,5.0,5,4,3.0,3.0,3
SYN-0615,30-44,West,4,3,1,3,3.0,4,1,3.0,3.0,3
SYN-0616,18-29,South,2,1,2,2,3.0,3,2,4.0,3.0,2
SYN-0617,18-29,South,3,3,3,4,5.0,2,3,1.0,3.0,3
SYN-0618,45-59,East,3,4,3,3,4.0,3,4,5.0,3.0,3
SYN-0619,18-29,North,2,3,3,3,4.0,5,3,2.0,3.0,3
SYN-0620,45-59,East,3,4,5,3,3.0,5,3,5.0,3.0,3
SYN-0621,60+,West,3,3,3,3,5.0,2,2,2.0,2.0,2
SYN-0622,18-29,Central,2,3,3,2,4.0,3,4,3.0,4.0,3
SYN-0623,18-29,North,1,1,3,4,3.0,3,3,3.0,4.0,2
SYN-0624,45-59,Central,3,2,2,2,4.0,2,1,2.0,4.0,3
SYN-0625,18-29,Central,3,3,4,3,2.0,4,3,3.0,3.0,3
SYN-0626,30-44,South,4,2,2,3,3.0,2,4,2.0,1.0,2
SYN-0627,45-59,West,4,3,3,3,5.0,3,3,3.0,3.0,3
SYN-0628,30-44,South,3,5,3,4,2.0,5,2,3.0,3.0,3
SYN-0629,30-44,North,3,2,1,2,4.0,3,3,2.0,2.0,2
SYN-0630,45-59,Central,3,1,1,2,4.0,4,4,2.0,1.0,2
SYN-0631,30-44,East,4,4,5,4,5.0,5,3,3.0,4.0,3
SYN-0632,18-29,Central,5,5,4,5,4.0,2,2,2.0,,3
SYN-0633,30-44,South,3,2,3,3,4.0,3,2,3.0,2.0,1
SYN-0634,60+,East,2,1,1,2,2.0,2,2,2.0,3.0,1
SYN-0635,45-59,Central,2,4,3,3,2.0,2,2,4.0,2.0,2
SYN-0636,30-44,East,2,1,4,4,2.0,3,4,1.0,3.0,3
SYN-0637,30-44,Central,3,2,3,3,,5,3,4.0,4.0,3
SYN-0638,18-29,North,3,2,2,2,4.0,2,3,2.0,3.0,2
SYN-0639,18-29,Central,3,3,5,3,3.0,4,3,4.0,4.0,3
SYN-0640,18-29,South,4,4,3,2,5.0,3,2,3.0,4.0,2
SYN-0641,60+,North,3,2,1,1,2.0,2,1,2.0,3.0,1
SYN-0642,18-29,West,2,3,3,3,2.0,5,2,4.0,5.0,2
SYN-0643,45-59,South,5,4,4,5,5.0,3,3,2.0,4.0,4
SYN-0644,18-29,North,3,3,1,3,4.0,4,5,4.0,1.0,2
SYN-0645,18-29,West,2,3,2,2,2.0,1,2,1.0,2.0,2
SYN-0646,30-44,West,2,3,2,4,3.0,5,4,4.0,4.0,3
SYN-0647,30-44,North,3,3,4,5,3.0,2,3,3.0,3.0,3
SYN-0648,45-59,North,3,2,2,3,4.0,2,2,2.0,4.0,2
SYN-0649,60+,Central,4,4,3,2,3.0,4,4,3.0,3.0,2
SYN-0650,60+,South,3,2,3,2,2.0,3,3,2.0,3.0,1
SYN-0651,18-29,East,3,4,5,5,4.0,4,5,5.0,5.0,3
SYN-0652,45-59,South,3,1,2,3,4.0,2,3,5.0,3.0,3
SYN-0653,18-29,East,3,5,4,4,2.0,3,3,4.0,4.0,3
SYN-0654,60+,North,3,2,1,3,2.0,3,2,2.0,3.0,1
SYN-0655,30-44,East,4,4,3,4,3.0,2,2,3.0,2.0,3
SYN-0656,30-44,West,5,2,3,3,3.0,4,2,4.0,3.0,2
SYN-0657,18-29,South,4,4,2,3,3.0,3,2,2.0,3.0,4
SYN-0658,18-29,South,2,3,2,4,3.0,3,3,2.0,3.0,2
SYN-0659,18-29,Central,4,4,3,3,3.0,4,3,3.0,5.0,3
SYN-0660,60+,West,3,3,2,3,1.0,4,2,4.0,1.0,3
SYN-0661,45-59,North,2,1,1,1,2.0,2,2,1.0,1.0,1
SYN-0662,60+,Central,3,2,3,2,3.0,3,4,3.0,4.0,2
SYN-0663,18-29,North,4,2,2,2,3.0,2,1,2.0,,3
SYN-0664,30-44,West,4,5,3,3,3.0,3,3,3.0,3.0,3
SYN-0665,18-29,South,4,3,2,3,3.0,4,3,5.0,3.0,3
SYN-0666,30-44,West,5,3,1,1,3.0,3,1,1.0,3.0,2
SYN-0667,30-44,East,5,3,1,2,4.0,5,4,5.0,1.0,3
SYN-0668,18-29,South,2,4,3,2,2.0,4,2,2.0,3.0,2
SYN-0669,30-44,South,4,2,2,3,4.0,4,2,1.0,3.0,3
SYN-0670,18-29,Central,3,2,2,2,2.0,1,2,2.0,3.0,2
SYN-0671,30-44,South,3,2,4,3,2.0,4,3,2.0,2.0,3
SYN-0672,45-59,East,2,4,2,3,,3,3,3.0,3.0,3
SYN-0673,18-29,West,3,2,3,3,3.0,4,2,3.0,2.0,3
SYN-0674,60+,South,2,1,2,1,3.0,3,2,3.0,3.0,2
SYN-0675,30-44,West,3,3,3,4,3.0,3,3,2.0,3.0,4
SYN-0676,45-59,West,2,4,4,5,4.0,4,2,3.0,3.0,3
SYN-0677,45-59,South,4,5,5,4,4.0,4,5,4.0,5.0,4
SYN-0678,45-59,South,3,4,2,3,5.0,3,3,4.0,3.0,3
SYN-0679,45-59,North,3,3,3,4,5.0,5,3,3.0,3.0,3
SYN-0680,60+,Central,3,2,3,4,3.0,3,5,2.0,1.0,2
SYN-0681,30-44,West,5,3,3,4,4.0,3,3,1.0,3.0,4
SYN-0682,18-29,North,4,3,3,2,4.0,3,3,2.0,4.0,3
SYN-0683,18-29,Central,1,4,3,4,2.0,3,3,2.0,4.0,2
SYN-0684,30-44,East,2,3,3,5,4.0,2,2,1.0,3.0,3
SYN-0685,18-29,Central,2,2,2,3,2.0,3,3,3.0,3.0,3
SYN-0686,18-29,West,3,3,3,2,,3,3,1.0,5.0,2
SYN-0687,18-29,East,3,4,4,4,3.0,2,3,4.0,3.0,3
SYN-0688,30-44,North,3,3,3,3,2.0,4,1,2.0,2.0,1
SYN-0689,18-29,Central,5,2,2,4,5.0,2,2,2.0,2.0,3
SYN-0690,30-44,East,3,3,1,2,3.0,4,5,2.0,2.0,3
SYN-0691,45-59,West,3,5,3,3,5.0,3,3,3.0,2.0,3
SYN-0692,45-59,West,2,3,2,2,2.0,3,3,3.0,3.0,2
SYN-0693,30-44,West,3,2,4,3,3.0,3,3,2.0,5.0,3
SYN-0694,30-44,North,2,1,1,3,3.0,2,2,3.0,3.0,1
SYN-0695,30-44,East,3,3,3,3,1.0,3,2,1.0,3.0,2
SYN-0696,30-44,North,1,2,1,2,3.0,3,3,1.0,5.0,2
SYN-0697,45-59,North,1,2,1,1,2.0,5,4,2.0,2.0,2
SYN-0698,18-29,East,3,1,3,1,3.0,3,3,4.0,1.0,1
SYN-0699,60+,South,3,2,3,1,3.0,2,2,2.0,3.0,2
SYN-0700,18-29,East,2,3,3,3,3.0,2,4,3.0,1.0,2
SYN-0701,45-59,West,3,3,4,5,3.0,5,3,2.0,3.0,3
SYN-0702,30-44,North,3,2,2,2,4.0,3,4,3.0,3.0,3
SYN-0703,18-29,South,3,2,2,4,3.0,3,2,2.0,2.0,2
SYN-0704,45-59,West,3,3,3,2,5.0,4,3,2.0,3.0,3
SYN-0705,18-29,South,4,4,4,3,5.0,4,4,4.0,2.0,3
SYN-0706,45-59,South,2,3,2,2,4.0,2,3,2.0,3.0,2
SYN-0707,30-44,South,3,2,2,3,3.0,3,5,3.0,3.0,2
SYN-0708,18-29,West,4,2,3,5,2.0,4,2,3.0,3.0,2
SYN-0709,18-29,North,4,4,3,1,5.0,3,3,3.0,2.0,3
SYN-0710,45-59,West,4,3,4,3,3.0,4,4,3.0,2.0,3
SYN-0711,30-44,West,4,2,2,4,5.0,4,3,3.0,,3
SYN-0712,60+,West,4,3,2,2,4.0,3,2,1.0,4.0,3
SYN-0713,45-59,South,4,2,3,3,4.0,3,3,2.0,3.0,3
SYN-0714,45-59,South,5,3,5,4,4.0,3,4,2.0,2.0,3
SYN-0715,18-29,Central,2,3,3,3,3.0,3,3,2.0,1.0,2
SYN-0716,45-59,Central,2,2,1,3,3.0,3,2,2.0,3.0,3
SYN-0717,60+,West,3,2,1,3,4.0,2,1,2.0,1.0,3
SYN-0718,18-29,South,4,2,4,5,4.0,1,1,3.0,4.0,2
SYN-0719,30-44,East,2,4,3,3,3.0,3,2,2.0,2.0,2
SYN-0720,18-29,North,2,2,1,2,1.0,1,1,1.0,2.0,1
SYN-0721,30-44,East,3,3,3,2,3.0,4,2,3.0,3.0,3
SYN-0722,45-59,East,1,3,4,5,3.0,5,3,2.0,5.0,2
SYN-0723,30-44,West,2,1,1,1,3.0,3,1,3.0,3.0,2
SYN-0724,30-44,North,2,1,1,2,3.0,2,1,1.0,2.0,3
SYN-0725,30-44,South,2,3,1,2,2.0,3,1,1.0,3.0,2
SYN-0726,18-29,South,5,4,4,4,4.0,5,2,3.0,2.0,4
SYN-0727,18-29,South,2,4,4,3,4.0,4,3,5.0,2.0,3
SYN-0728,45-59,North,3,3,3,5,2.0,3,2,4.0,1.0,2
SYN-0729,30-44,South,2,2,2,2,5.0,3,1,3.0,4.0,3
SYN-0730,30-44,Central,3,2,2,2,3.0,4,3,4.0,4.0,2
SYN-0731,45-59,East,3,4,3,4,3.0,5,4,1.0,4.0,4
SYN-0732,18-29,Central,2,2,4,3,3.0,3,4,3.0,3.0,2
SYN-0733,18-29,South,3,2,4,5,4.0,5,2,3.0,2.0,3
SYN-0734,18-29,East,5,1,3,3,5.0,5,3,2.0,3.0,3
SYN-0735,60+,North,3,2,4,3,3.0,4,3,3.0,5.0,2
SYN-0736,45-59,East,2,2,2,2,3.0,3,1,2.0,3.0,2
SYN-0737,30-44,East,4,2,3,2,4.0,5,3,4.0,3.0,2
SYN-0738,18-29,North,3,3,4,2,3.0,2,3,1.0,2.0,2
SYN-0739,18-29,North,1,1,1,2,2.0,2,3,3.0,3.0,1
SYN-0740,45-59,West,1,1,1,1,2.0,4,1,1.0,2.0,2
SYN-0741,30-44,Central,4,5,4,5,5.0,4,3,2.0,2.0,4
SYN-0742,60+,West,4,4,3,4,3.0,4,1,3.0,3.0,3
SYN-0743,45-59,South,4,2,2,2,1.0,3,1,1.0,1.0,2
SYN-0744,30-44,Central,3,1,1,1,2.0,1,1,2.0,2.0,1
SYN-0745,45-59,Central,3,2,4,4,4.0,3,3,2.0,3.0,4
SYN-0746,60+,East,2,3,4,3,3.0,2,2,2.0,3.0,2
SYN-0747,30-44,North,3,4,5,3,3.0,5,4,3.0,5.0,3
SYN-0748,45-59,South,1,4,3,4,4.0,4,2,2.0,3.0,2
SYN-0749,60+,Central,3,3,2,3,2.0,4,3,2.0,4.0,2
SYN-0750,18-29,North,4,3,2,2,4.0,3,2,2.0,2.0,3
